<?xml version="1.0" encoding="UTF-8"?>
<project-private xmlns="http://www.netbeans.org/ns/project-private/1">
    <editor-bookmarks xmlns="http://www.netbeans.org/ns/editor-bookmarks/2" lastBookmarkId="0"/>
    <open-files xmlns="http://www.netbeans.org/ns/projectui-open-files/2">
        <group>
            <file>file:/C:/Users/Leonardo/Documents/Sistemas%20Para%20Internet/Programação%20Web%20II/progWebII/23082016/listaDeExercicios3/exercicio7/informacoesDaString/src/informacoesdastring/Teclado.java</file>
            <file>file:/C:/Users/Leonardo/Documents/Sistemas%20Para%20Internet/Programação%20Web%20II/progWebII/23082016/listaDeExercicios3/exercicio7/informacoesDaString/src/informacoesdastring/InformacoesDaString.java</file>
        </group>
    </open-files>
</project-private>
